{
  "centralized": {
    "train_losses": [
      0.05208011370152235,
      0.00671244265511632,
      0.0011723802296910435,
      0.0008775754214730113,
      0.0006888622790575027,
      0.0005555408739019185,
      0.00045182887348346415,
      0.0003622737870318815,
      0.00027968016511294993,
      0.0002062465241760947,
      0.00014807988569373265,
      0.00011060713033657521,
      9.23284723830875e-05,
      8.39602225460112e-05,
      7.87759649392683e-05,
      7.464290050847922e-05,
      7.100374154106248e-05,
      6.770916952518747e-05,
      6.469982618000359e-05,
      6.189999781781807e-05,
      5.9292676160112026e-05,
      5.682983472070191e-05,
      5.448901189083699e-05,
      5.2273016553954224e-05,
      5.017078139644582e-05,
      4.818051369511522e-05,
      4.623504799383227e-05,
      4.440930526470766e-05,
      4.2623523695510814e-05,
      4.08872461412102e-05
    ],
    "val_per_profile": {
      "hospital_c": {
        "mse": 1.4938553509377275e-05,
        "rmse": 0.0038650424977453063
      },
      "hospital_d": {
        "mse": 6.383618425128848e-05,
        "rmse": 0.007989754955647167
      }
    },
    "avg_rmse": 0.0059273987266962366
  },
  "federated": {
    "round_losses": [
      0.005098575905251961,
      0.0005929775988289083,
      0.0002781376175474949,
      0.0001185495544072742,
      8.398428102597021e-05,
      6.932944303956062e-05,
      6.0882815747530774e-05,
      5.4556454835199896e-05,
      4.925327630189713e-05,
      4.449366364357187e-05
    ],
    "val_per_profile": {
      "hospital_c": {
        "mse": 1.6785469077668885e-05,
        "rmse": 0.004097007331903237
      },
      "hospital_d": {
        "mse": 7.121799405597682e-05,
        "rmse": 0.008439075426607871
      }
    },
    "avg_rmse": 0.006268041379255554
  }
}