{
  "centralized": {
    "train_losses": [
      0.05208011370152235,
      0.00671244265511632,
      0.0011723802296910435,
      0.0008775754214730113,
      0.0006888622790575027,
      0.0005555408739019185,
      0.00045182887348346415,
      0.0003622737870318815,
      0.00027968016511294993,
      0.0002062465241760947,
      0.00014807988569373265,
      0.00011060713033657521,
      9.23284723830875e-05,
      8.39602225460112e-05,
      7.87759649392683e-05,
      7.464290050847922e-05,
      7.100374154106248e-05,
      6.770916952518747e-05,
      6.469982618000359e-05,
      6.189999781781807e-05,
      5.9292676160112026e-05,
      5.682983472070191e-05,
      5.448901189083699e-05,
      5.2273016553954224e-05,
      5.017078139644582e-05,
      4.818051369511522e-05,
      4.623504799383227e-05,
      4.440930526470766e-05,
      4.2623523695510814e-05,
      4.08872461412102e-05
    ],
    "val_per_profile": {
      "hospital_c": {
        "mse": 1.4938553509377275e-05,
        "rmse": 0.0038650424977453063
      },
      "hospital_d": {
        "mse": 6.383618425128848e-05,
        "rmse": 0.007989754955647167
      }
    },
    "avg_rmse": 0.0059273987266962366
  },
  "federated": {
    "round_losses": [
      0.0050664016475471165,
      0.0005937444825226871,
      0.00029777664279278653,
      0.00011760451973084576,
      8.963234442769765e-05,
      7.614086839916687e-05,
      6.533469296790336e-05,
      5.5427397175942766e-05,
      4.9581726041371716e-05,
      4.45449696389215e-05
    ],
    "val_per_profile": {
      "hospital_c": {
        "mse": 1.6859447896422353e-05,
        "rmse": 0.004106025803185162
      },
      "hospital_d": {
        "mse": 7.130322202491308e-05,
        "rmse": 0.008444123520230686
      }
    },
    "avg_rmse": 0.006275074661707924
  }
}