{
  "train_losses": [
    0.030060984324663878,
    0.0076656582579016684,
    0.0056629576161503796,
    0.004572315150871873,
    0.003902721917256713,
    0.003406622363254428,
    0.003058119462803006,
    0.002864217241294682,
    0.002692286684177816,
    0.0025854736426845193,
    0.002475883141160011,
    0.0023954438790678976,
    0.0022897872468456626,
    0.0022233237978070974,
    0.0021462397323921325,
    0.0020771806756965817,
    0.0020089403376914563,
    0.0019470900553278626,
    0.0018929837993346154,
    0.0018370499857701362,
    0.0017942449497058987,
    0.0017468516482040286,
    0.0017062416393309832,
    0.001671664051245898,
    0.0016279725404456259,
    0.0015909116272814572,
    0.0015593676897697152,
    0.0015246590948663652,
    0.0014995923917740584,
    0.0014655680279247463
  ],
  "val_losses": [
    0.0015887332578691153,
    0.000861190075878627,
    0.0009160326578869269,
    0.0009250248280855325,
    0.0011957932371073044,
    0.001222494228456456,
    0.0012113058921666099,
    0.0014026131516752334,
    0.0013044309318782045,
    0.0014418671534468348,
    0.001376295336880363,
    0.0014788598413220965,
    0.0013914930795391018,
    0.001342150320012409,
    0.0013206365536181973,
    0.001364525300092422,
    0.001394230263450971,
    0.0014002581144897984,
    0.001075789869691317,
    0.001169123865950566,
    0.0011145262262569023,
    0.0010649155458220495,
    0.0011285870568826795,
    0.0011253088999253053,
    0.001058343059132592,
    0.0011572429480460973,
    0.0009679917174463088,
    0.0007926300526238405,
    0.0010038568154693795,
    0.0007501736086291763
  ],
  "best_val_loss": 0.0007501736086291763,
  "final_val_rmse": 0.02738929733726618,
  "val_per_profile": {
    "hospital_c": {
      "mse": 0.0006594746290440005,
      "rmse": 0.025680238103335425
    },
    "hospital_d": {
      "mse": 0.0008341088126014386,
      "rmse": 0.028880942031059835
    }
  },
  "n_params": 6882
}