{
  "train_losses": [
    0.03292823109775782,
    0.010560527127236128,
    0.008248842051252724,
    0.007035338282585144,
    0.0063269386254251,
    0.0059156731329858304,
    0.005630502430722118,
    0.005449389964342117,
    0.0052821641974151136,
    0.005160593818873167,
    0.005037554260343313,
    0.004945832397788763,
    0.004854963272809982,
    0.004779021199792624,
    0.004697786662727594,
    0.004637552089989185,
    0.0045697425398975615,
    0.0045162210986018185,
    0.0044588999543339015,
    0.004404626497998834,
    0.004364476231858134,
    0.004316244330257177,
    0.004260096419602633,
    0.004219737723469734,
    0.0041792400740087035,
    0.004141747923567891,
    0.004107158766128122,
    0.0040606536623090505,
    0.004038006365299225,
    0.004007194633595645
  ],
  "val_losses": [
    0.004843854560301854,
    0.0032593225702070273,
    0.0033026053928411924,
    0.0033148470191428294,
    0.003591859283355566,
    0.003667363682045386,
    0.003666391184266943,
    0.003845261732259622,
    0.003757092224147457,
    0.00387766516695802,
    0.003888661400056802,
    0.003843104771266763,
    0.0037767797207029965,
    0.0037080913316458464,
    0.0037342426904405537,
    0.0038166741768901166,
    0.003876050773005073,
    0.003830892159245335,
    0.003632951689024384,
    0.003516238182783127,
    0.0037233695172919678,
    0.003652815241366625,
    0.0037048829432863454,
    0.003681327789448775,
    0.003592257370026066,
    0.003796321304085163,
    0.003559071248253951,
    0.0033403987673899303,
    0.0036277395601455984,
    0.0033575468875754336
  ],
  "best_val_loss": 0.0032593225702070273,
  "final_val_rmse": 0.05709047705359474,
  "n_params": 6882
}