{
  "train_losses": [
    0.052173818871378896,
    0.006735202916897834,
    0.0011781794496346265,
    0.0008806451852433384,
    0.0006911451066844165,
    0.000556444056564942,
    0.000453025073511526,
    0.0003630035085370764,
    0.0002804274793015793,
    0.00020690082834335044,
    0.00014820428739767522,
    0.00011104507284471765,
    9.252267394913361e-05,
    8.407113797147759e-05,
    7.885502702265513e-05,
    7.472173892892897e-05,
    7.105679425876587e-05,
    6.778955917980056e-05,
    6.474204754340462e-05,
    6.19423634634586e-05,
    5.9315105754649264e-05,
    5.686009259079583e-05,
    5.4537438409170136e-05,
    5.231853690929711e-05,
    5.0214939619763754e-05,
    4.820717840630096e-05,
    4.628118796972558e-05,
    4.443052202987019e-05,
    4.265370829671156e-05,
    4.09386154206004e-05
  ],
  "val_losses": [
    0.01612251352232236,
    0.0015477559600885098,
    0.0009966027394581873,
    0.0007718835818545463,
    0.0006159905908414378,
    0.000500581314554438,
    0.0004061808733520313,
    0.0003197222439876686,
    0.0002405307817613133,
    0.0001729017016119682,
    0.000124784666135943,
    9.807777902236782e-05,
    8.642206236030548e-05,
    8.03320157361808e-05,
    7.587351431608952e-05,
    7.209439690296467e-05,
    6.870098807737052e-05,
    6.560326857232631e-05,
    6.274591060691119e-05,
    6.012484566151845e-05,
    5.764982247805724e-05,
    5.5263529177934215e-05,
    5.3027126061631585e-05,
    5.0924566004631255e-05,
    4.8881475427501406e-05,
    4.695325053314893e-05,
    4.508847282872571e-05,
    4.329137664171867e-05,
    4.159639663087616e-05,
    3.988914354872227e-05
  ],
  "best_val_loss": 3.988914354872227e-05,
  "final_val_rmse": 0.006315785267781218,
  "val_per_profile": {
    "hospital_c": {
      "mse": 1.4951964268610546e-05,
      "rmse": 0.0038667769871833244
    },
    "hospital_d": {
      "mse": 6.389406865179938e-05,
      "rmse": 0.007993376548855895
    }
  },
  "n_params": 20322
}