{
  "train_losses": [
    0.17221301347017287,
    0.05623151883482933,
    0.02349957451224327,
    0.0189510771073401,
    0.01159628638997674,
    0.007970262877643108,
    0.005825366545468569,
    0.004942261939868331,
    0.004638726124539971,
    0.004495433112606406,
    0.004305429384112358,
    0.0042458806652575735,
    0.004168797796592116,
    0.0039544201921671625,
    0.003945058165118098,
    0.003835956915281713,
    0.003729033563286066,
    0.003696383535861969,
    0.003594256588257849,
    0.0035732978489249946
  ],
  "val_losses": [
    0.0910881757736206,
    0.023757987345258396,
    0.01803988901277383,
    0.00959840944657723,
    0.0056019555777311325,
    0.0025895763343820968,
    0.0014684985702236493,
    0.0011905166902579367,
    0.0010205666379382212,
    0.0009921394909421604,
    0.0009572369356950124,
    0.0009649840843242904,
    0.0009114314258719484,
    0.0009328854309084514,
    0.0009105351055040956,
    0.0009237359821175536,
    0.0009005036166248223,
    0.0009274893867162367,
    0.0008889111146951715,
    0.0009120640655358633
  ],
  "best_val_loss": 0.0008889111146951715,
  "final_val_rmse": 0.029814612435770004,
  "n_params": 4482
}